MIN,MAX,MEAN,STDEV,NUMBER_ESC_RUNNING
2.6660673029999997,2.819932521,2.7361588592025323,0.018751663628616664,1
