NUMBER_SENSORS,FREQUENCY,TIME_DATA,MIN_TIME,MAX_TIME,AVG_TIME,STD_TIME,SUCCESFUL_CALCULATIONS
4,8,1800,21.734089000701903,477.6523290023804,132.7387710313627,78.34837519140636,224
