NUMBER_SENSORS,FREQUENCY,TIME_DATA,MIN_TIME,MAX_TIME,AVG_TIME,STD_TIME,SUCCESFUL_CALCULATIONS
4,8,1800,21.509914001464843,186.20344599914552,66.84830145527637,28.12219306687767,224
