NUMBER_SENSORS,FREQUENCY,TIME_DATA,MIN_TIME,MAX_TIME,AVG_TIME,STD_TIME,SUCCESFUL_CALCULATIONS
4,8,1800,20.129081000089645,158.62686599993705,66.24795487946058,21.895048319735793,224
