MIN,MAX,MEAN,STDEV,NUMBER_ESC_RUNNING
2.625959418,3.668436724,3.3050358778461533,0.3206741960435825,1
