NUMBER_SENSORS,FREQUENCY,TIME_DATA,MIN_TIME,MAX_TIME,AVG_TIME,STD_TIME
1,8,32,8.02803600025177,47.880982000350954,19.855251307634205,8.747734318139937
2,8,32,21.590365999221802,189.22295000076295,65.79243685171339,28.528629814810994
4,8,32,83.7135359992981,652.2230760002136,270.6503050832749,104.79672001904429
8,8,32,116.3153309993744,1733.6750860004424,536.7552329199982,361.3214971214095
16,8,32,137.53345800018312,2965.2864509983065,1694.4581497369065,807.80908687369
32,8,32,348.84089599990847,3485.7699599990847,1760.15190379982,1097.0914279980507
64,8,32,1190.27812100029,4073.9895,2215.630035666784,1316.402677170989
