NUMBER_SENSORS,FREQUENCY,TIME_DATA,MIN_TIME,MAX_TIME,AVG_TIME,STD_TIME
4,1,32,24.20391600036621,452.45722900009156,7.181860777779231,187.1276135354355
4,2,32,201.6215,1766.419214000702,38.400417695667436,514.1958717890931
4,4,32,367.75949499893187,1460.2790419998169,44.25088006060051,612.1794343734299
4,8,32,398.24297299957277,1604.6348689994811,76.41118423807053,876.1005121533733
4,16,32,749.6361520004273,1842.2621240005494,141.71247107696533,1332.175259370436
4,32,32,795.1459119987488,2272.716252998352,324.673750428336,1237.7380278866135
4,64,32,770.7133540000915,1918.5958269996643,479.64895674991607,936.4412972225081
