NUMBER_SENSORS,FREQUENCY,TIME_DATA,MIN_TIME,MAX_TIME,AVG_TIME,STD_TIME
4,8,1,22.700156997680665,278.70394699859617,11.61266445827484,140.26134752020513
4,8,2,176.06047199630737,1774.697710998535,84.50941480945406,415.0116385724761
4,8,4,302.5153230018616,1048.606875,49.933660714285715,465.30138850590566
4,8,8,431.2934570007324,2156.292936000824,107.81464680004119,990.9915258094785
4,8,16,575.2022900009156,1950.2623450012206,97.51311725006103,1375.016289032499
4,8,32,1084.3039430007934,2061.209855998993,108.4847292631049,1576.2587576915073
4,8,64,700.4065429992676,2168.3279940032958,120.46266633351644,1764.3763047095067
