MIN,MAX,MEAN,STDEV,NUMBER_ESC_RUNNING
100,0,0,0,1
2.610865316,3.6734079139999998,3.4067897307881365,0.30647251108095813,2
100,0,0,0,1
