NUMBER_SENSORS,FREQUENCY,TIME_DATA,MIN_TIME,MAX_TIME,AVG_TIME,STD_TIME,SUCCESFUL_CALCULATIONS
4,8,10000,28.828404006958007,943.9430410003662,261.85125714497025,158.32950025552458,449
