NUMBER_SENSORS,FREQUENCY,TIME_DATA,MIN_TIME,MAX_TIME,AVG_TIME,STD_TIME,SUCCESFUL_CALCULATIONS
4,8,780,20.356888000488283,220.70313800048828,69.88995701079169,18.368930029791482,449
