NUMBER_SENSORS,FREQUENCY,TIME_DATA,MIN_TIME,MAX_TIME,AVG_TIME,STD_TIME,SUCCESFUL_CALCULATIONS
4,8,1800,21.667784999847413,108.82212899971009,65.06570486260708,23.56520813700878,153
