MIN,MAX,MEAN,STDEV,NUMBER_ESC_RUNNING
100,0,0,0,1
100,0,0,0,2
100,0,0,0,3
100,0,0,0,4
100,0,0,0,5
100,0,0,0,6
100,0,0,0,7
100,0,0,0,8
100,0,0,0,9
100,0,0,0,10
100,0,0,0,11
100,0,0,0,12
100,0,0,0,13
100,0,0,0,14
100,0,0,0,15
0.814857297,21.1981755,3.852381541492246,3.6988840626867527,16
100,0,0,0,15
100,0,0,0,14
100,0,0,0,13
100,0,0,0,12
100,0,0,0,11
100,0,0,0,10
100,0,0,0,9
100,0,0,0,8
100,0,0,0,7
100,0,0,0,6
100,0,0,0,5
100,0,0,0,4
100,0,0,0,3
100,0,0,0,2
100,0,0,0,1
