MIN,MAX,MEAN,STDEV,NUMBER_ESC_RUNNING
100,0,0,0,1
100,0,0,0,2
100,0,0,0,3
100,0,0,0,4
100,0,0,0,5
100,0,0,0,6
100,0,0,0,7
0.953462667,6.641200875000001,2.7864194062875196,0.8349309064030707,8
100,0,0,0,7
100,0,0,0,6
100,0,0,0,5
100,0,0,0,4
100,0,0,0,3
100,0,0,0,2
100,0,0,0,1
