MIN,MAX,MEAN,STDEV,NUMBER_ESC_RUNNING
2.6264235520000003,3.2391416680000003,3.01365786374359,0.12736758733278158,1
