NUMBER_SENSORS,FREQUENCY,TIME_DATA,MIN_TIME,MAX_TIME,AVG_TIME,STD_TIME,SUCCESFUL_CALCULATIONS
4,8,1800,20.02884400177002,121.93721900177002,63.23850817786325,23.57651957578165,225
